{
  "Fixed Reservoir": {
    "accuracy_by_delay": {
      "20.0": 0.9997777777777778,
      "80.0": 0.9846666666666667,
      "160.0": 0.9635555555555556,
      "300.0": 0.6295555555555555
    },
    "generalization_stability_index": 0.5900553771688196,
    "participation_ratio_whole_trial": 19.732921660349504,
    "participation_ratio_delay": 17.742337471032474,
    "noise_severities": [
      0.0,
      0.1,
      0.2,
      0.4,
      0.8,
      1.2,
      2.0
    ],
    "noise_accuracy": [
      0.6175555555555556,
      0.5496296296296297,
      0.45296296296296296,
      0.2348888888888889,
      0.14303703703703705,
      0.13837037037037037,
      0.13903703703703704
    ],
    "degradation_severities": [
      0.0,
      0.25,
      0.5,
      1.0,
      1.5,
      2.0,
      3.0
    ],
    "degradation_accuracy": [
      0.6062222222222222,
      0.3763703703703704,
      0.18125925925925926,
      0.05829629629629629,
      0.07392592592592594,
      0.09503703703703703,
      0.12392592592592593
    ],
    "silencing[Random silencing]_fractions": [
      0.0,
      0.1,
      0.2,
      0.3,
      0.4,
      0.5,
      0.7,
      0.9
    ],
    "silencing[Random silencing]_accuracy": [
      0.5937037037037037,
      0.296,
      0.16725925925925925,
      0.12903703703703703,
      0.12666666666666668,
      0.1323703703703704,
      0.12451851851851851,
      0.11570370370370371
    ],
    "silencing[Targeted: task-selectivity]_fractions": [
      0.0,
      0.1,
      0.2,
      0.3,
      0.4,
      0.5,
      0.7,
      0.9
    ],
    "silencing[Targeted: task-selectivity]_accuracy": [
      0.6144444444444445,
      0.09800000000000002,
      0.106,
      0.14548148148148146,
      0.13325925925925927,
      0.11096296296296297,
      0.1348148148148148,
      0.11274074074074075
    ],
    "silencing[Targeted: decoder weight]_fractions": [
      0.0,
      0.1,
      0.2,
      0.3,
      0.4,
      0.5,
      0.7,
      0.9
    ],
    "silencing[Targeted: decoder weight]_accuracy": [
      0.6243703703703704,
      0.22518518518518518,
      0.1897037037037037,
      0.13785185185185186,
      0.12785185185185186,
      0.13029629629629627,
      0.12792592592592592,
      0.13044444444444445
    ]
  },
  "Trained RNN": {
    "accuracy_by_delay": {
      "20.0": 0.8691111111111111,
      "80.0": 0.8266666666666667,
      "160.0": 0.84,
      "300.0": 0.85
    },
    "generalization_stability_index": 0.9795513850356027,
    "participation_ratio_whole_trial": 2.921301397934063,
    "participation_ratio_delay": 2.9113781923958384,
    "noise_severities": [
      0.0,
      0.1,
      0.2,
      0.4,
      0.8,
      1.2,
      2.0
    ],
    "noise_accuracy": [
      0.8566666666666666,
      0.8566666666666666,
      0.8644444444444445,
      0.8522222222222222,
      0.8655555555555555,
      0.851111111111111,
      0.851111111111111
    ],
    "degradation_severities": [
      0.0,
      0.25,
      0.5,
      1.0,
      1.5,
      2.0,
      3.0
    ],
    "degradation_accuracy": [
      0.8577777777777778,
      0.85,
      0.8588888888888889,
      0.6944444444444445,
      0.31874074074074077,
      0.45325925925925925,
      0.2148148148148148
    ],
    "silencing[Random silencing]_fractions": [
      0.0,
      0.1,
      0.2,
      0.3,
      0.4,
      0.5,
      0.7,
      0.9
    ],
    "silencing[Random silencing]_accuracy": [
      0.8688888888888888,
      0.8644444444444445,
      0.8055555555555555,
      0.6382962962962964,
      0.5746666666666668,
      0.5318518518518518,
      0.3982962962962963,
      0.12785185185185186
    ],
    "silencing[Targeted: task-selectivity]_fractions": [
      0.0,
      0.1,
      0.2,
      0.3,
      0.4,
      0.5,
      0.7,
      0.9
    ],
    "silencing[Targeted: task-selectivity]_accuracy": [
      0.8466666666666667,
      0.4013333333333333,
      0.4396296296296296,
      0.44133333333333336,
      0.4358518518518519,
      0.24718518518518517,
      0.24688888888888885,
      0.24237037037037037
    ],
    "silencing[Targeted: decoder weight]_fractions": [
      0.0,
      0.1,
      0.2,
      0.3,
      0.4,
      0.5,
      0.7,
      0.9
    ],
    "silencing[Targeted: decoder weight]_accuracy": [
      0.8533333333333334,
      0.6555555555555556,
      0.3855555555555555,
      0.17,
      0.0,
      0.003111111111111111,
      0.11748148148148148,
      0.13777777777777778
    ]
  }
}